No,label,large classification,small classification,//purl.obolibrary.org/obo/results_in_division_of,住所,電話,Fax,lat,long,休日,available time,the closure,the nursing,diaper substitute,attention,駐車場,URL
1,子育て総合支援センター（カンガルーの森）,子育て支援施設,赤ちゃんの駅,子育て支援施設,高槻市北園町６－３０,072-686-3030,,34.852182,135.621808,月～土,9:00～19:00,日・祝・休日、年末年始,あり,あり,プレイルームは10:00～17:00,,http://www.city.takatsuki.osaka.jp/kakuka/kodomo/kosodat/index.html
2,富田子育て支援センター,子育て支援施設,赤ちゃんの駅,子育て支援施設,高槻市富田町二丁目５－１,072-694-9177,,34.832869,135.590901,月～土,月～金（9:30～16:00）　土（9:30～12:00）,日・祝・休日、年末年始,あり,あり,,,http://www.city.takatsuki.osaka.jp/waiwaicafe/odekake/shiencenter/tonda/index.html
3,春日子育て支援センター,子育て支援施設,赤ちゃんの駅,子育て支援施設,高槻市春日町２２－２,072-673-5211,,34.836906,135.627411,月～土,月～金（9:30～16:00）　土（9:30～12:00）,日・祝・休日、年末年始,あり,あり,,,http://www.city.takatsuki.osaka.jp/waiwaicafe/odekake/shiencenter/kasuga/index.html
4,阿武山たつの子子育て支援センター,子育て支援施設,赤ちゃんの駅,子育て支援施設,高槻市阿武野二丁目２－１,072-692-0313,,34.859740,135.578067,月～土（おむつ替え・授乳は第2土曜のぞく）,10:00～15:00,日・祝・休日、年末年始,あり,あり,,,http://www.city.takatsuki.osaka.jp/waiwaicafe/odekake/shiencenter/abuyama/index.html
5,聖ヶ丘子育て支援センター,子育て支援施設,赤ちゃんの駅,子育て支援施設,高槻市芝谷町１９－７,072-689-8721,,34.867546,135.606941,月～金,9:30～15:30,土・日・祝・休日、年末年始,あり,あり,,,http://www.city.takatsuki.osaka.jp/waiwaicafe/odekake/shiencenter/shibatani/index.html
6,津之江さくら子育て支援センター,子育て支援施設,赤ちゃんの駅,子育て支援施設,高槻市津之江町一丁目３７－９,072-668-1211,,34.840042,135.607563,月～金,10:00～15:00,土・日・祝・休日、年末年始,あり,あり,,,http://www.city.takatsuki.osaka.jp/waiwaicafe/odekake/shiencenter/tsunoe/index.html
7,庄所子育てすくすくセンター,子育て支援施設,赤ちゃんの駅,子育て支援施設,高槻市南庄所町３－３,072-674-3080,072-674-3080,34.836925,135.614693,月～土,10:00～17:00,日・祝・休日、年末年始,あり,あり,,,http://www.city.takatsuki.osaka.jp/kakuka/kodomo/kosodat/gyomuannai/sukusukusenta.html
8,ティピーおやこの広場,子育て支援施設,赤ちゃんの駅,子育て支援施設,高槻市玉川二丁目２－３,072-678-6287,,34.814189,135.602462,月～金,10:00～16:00,土・日・祝・休日、年末年始,あり,あり,,,http://www.city.takatsuki.osaka.jp/waiwaicafe/odekake/tsudoi/01/
9,ぱれっとひろば,子育て支援施設,赤ちゃんの駅,子育て支援施設,高槻市大蔵司二丁目５２－１１,072-687-3565,,34.86241,135.59875,月・火・木・金・土,10:00～16:00　（土は15:00まで）,水・日・祝・休日、年末年始,あり,あり,,,http://www.city.takatsuki.osaka.jp/waiwaicafe/odekake/tsudoi/4/
10,チャムきっずぱーく,子育て支援施設,赤ちゃんの駅,子育て支援施設,高槻市古曽部町一丁目１－８,072-685-6336,,34.855296,135.619209,月～金,10:30～15:30,土・日・祝・休日、年末年始,あり,あり,,,http://www.city.takatsuki.osaka.jp/waiwaicafe/odekake/tsudoi/02/
11,ファミリーポートたかつき,子育て支援施設,赤ちゃんの駅,子育て支援施設,高槻市宮野町２－３,072-662-8250,,34.85398,135.637915,月～金,10:00～15:00,土・日・祝・休日、年末年始,あり,あり,,,http://www.city.takatsuki.osaka.jp/waiwaicafe/odekake/tsudoi/3/
12,子育てカフェ「どうぞのおいす」,子育て支援施設,赤ちゃんの駅,子育て支援施設,高槻市芥川町二丁目１１－１１,072-685-2224,,34.852805,135.613351,月・火・木・金・土,10:30～15:30,水・日・祝・休日、年末年始,あり,あり,,,http://www.city.takatsuki.osaka.jp/waiwaicafe/odekake/tsudoi/5/
13,ハイネ,子育て支援施設,赤ちゃんの駅,子育て支援施設,高槻市大塚町五丁目１２－５,072-661-5234,,34.822332,135.630786,月～金、土（月に１回、不定期）,10:00～15:00,土（月に１回不定期に開館）・日・祝・休日、年末年始,あり,あり,,,http://www.city.takatsuki.osaka.jp/waiwaicafe/odekake/tsudoi/25/
14,ファミリーポートはるか,子育て支援施設,赤ちゃんの駅,子育て支援施設,高槻市上牧南駅前町５－１－１０８,072-660-6556,,34.870086,135.661089,月～金,10:00～15:00,土・日・祝・休日、年末年始,あり,あり,,,http://www.city.takatsuki.osaka.jp/waiwaicafe/odekake/tsudoi/10/
15,平安女学院大学どんぐりの森,子育て支援施設,赤ちゃんの駅,子育て支援施設,高槻市南平台五丁目８１－１,072-696-4939,,34.867705,135.585907,月～金,10:00～15:00,土・日・祝・休日、年末年始,あり,あり,,,http://www.city.takatsuki.osaka.jp/waiwaicafe/odekake/tsudoi/9/index.html
16,子育て広場りんごっこ,子育て支援施設,赤ちゃんの駅,子育て支援施設,高槻市東和町５７－１,072-674-7071,,34.83021,135.636966,月～金,10:00～15:00,土・日・祝・休日、年末年始,あり,あり,,,http://www.city.takatsuki.osaka.jp/waiwaicafe/odekake/tsudoi/26/
17,ひろばひだまり,子育て支援施設,赤ちゃんの駅,子育て支援施設,高槻市寿町一丁目１９－２,072-693-4682,,34.828739,135.600262,月～金,10:00～15:00,土・日・祝・休日、年末年始,あり,あり,,,http://www.city.takatsuki.osaka.jp/waiwaicafe/odekake/tsudoi/8/
18,キッズスポットかるがも,子育て支援施設,赤ちゃんの駅,子育て支援施設,高槻市津之江町二丁目２４－１２－１０４,072-661-2326,,34.838457,135.607912,月～金,10:00～15:00 (火は16:00まで),土・日・祝・休日、年末年始,あり,あり,,,http://www.city.takatsuki.osaka.jp/waiwaicafe/odekake/tsudoi/6/
19,ぴーかぶー,子育て支援施設,赤ちゃんの駅,子育て支援施設,高槻市郡家新町６－１６,072-682-0677,,34.849811,135.59994,月～金,10:30～15:30,土・日・祝・休日、年末年始,あり,あり,,,http://www.city.takatsuki.osaka.jp/waiwaicafe/odekake/tsudoi/29/
20,市役所（本館１階・総合センター７階）,子育て支援施設,赤ちゃんの駅,市役所・支所,高槻市桃園町２－１,072-674-7000,,34.846019,135.617332,月～金　（一部業務を除く）,8:45～17:15,土・日・祝、休日・年末年始（12/29～1/3）,あり,あり,授乳・おむつ替え設備は本館東玄関１Ｆと総合センター7Ｆにあり,あり,http://www.city.takatsuki.osaka.jp/shisei/profilekeikaku/shiyakusho_annai/1326949112262.html
21,クロスパル高槻（総合市民交流センター）,子育て支援施設,赤ちゃんの駅,その他の公共施設,高槻市紺屋町１－２,072-685-3721,072-685-3614,34.851940,135.618922,休館日を除く日,9:00～21:00,12/29～1/3。　3月及び9月の第1日曜日（その他臨時休館日あり）。,なし,あり,駐車場は市営高槻駅南立体駐車場。,あり（190台）,http://www.city.takatsuki.osaka.jp/kurashi/bunka_sports/bunka_koryushisetsu/1327994114940.html
22,樫田支所,子育て支援施設,赤ちゃんの駅,市役所・支所,高槻市大字田能小字スハノ下１１,072-688-9124,072-688-9125,34.955544,135.589362,月～金,8:45～17:15,土・日・祝、休日・年末年始（12/29～1/3）,あり,あり,授乳・おむつ替えは職員に声をおかけください。,,http://www.city.takatsuki.osaka.jp/kakuka/shimin/kasida/index.html
23,富田青少年交流センター,子育て支援施設,赤ちゃんの駅,青少年施設,高槻市富田町四丁目１５－２４,072-694-5454,072-694-4658,34.830571,135.592049,休館日を除く日,9:00～21:00　（おむつ替え・授乳は17:00まで、土は12:00まで）,12/29～1/3,あり,あり,授乳は職員に声をおかけください。,,http://www.city.takatsuki.osaka.jp/kakuka/kyoikukanribu/tiikikyo/gyomuannai/tondasei/sisetsunoshoukai/1347244246881.html
24,富田ふれあい文化センター,子育て支援施設,赤ちゃんの駅,その他の公共施設,高槻市富田町四丁目１５－２８,072-694-5451,072-694-5453,34.830892,135.591982,休館日を除く日,9:00～21:00（授乳は、17:00まで、土は、12:00まで),日、祝日、年末年始（12/29～1/3）,あり,あり,授乳・おむつ替えは職員に声をおかけください。,,http://www.city.takatsuki.osaka.jp/kakuka/shimin/tondac/gyomuannai/shisetsushoukai/shoukai.html
25,春日ふれあい文化センター・青少年交流センター,子育て支援施設,赤ちゃんの駅,その他の公共施設,高槻市春日町２２－１,072-676-7123,072-671-9605,34.836810,135.627699,休館日を除く日,9:00～17:00（土は12:00まで）,日・祝日、年末年始（12/29～1/3）,あり,あり,授乳は職員に声をおかけください。,,http://www.city.takatsuki.osaka.jp/kurashi/bunka_sports/bunka_koryushisetsu/1327892459993.html
26,障がい者福祉センター,子育て支援施設,赤ちゃんの駅,その他の公共施設,高槻市城内町１－１１,072-672-0267,072-661-3508,34.844656,135.623455,月～土・第1・３日曜日,9:00～21:30（第1・3日曜日は9：00～17：00）,第1･3以外の日曜日　祝日　12/29～1/3,あり,あり,授乳・おむつ替えは職員に声をおかけください。,,http://www.city.takatsuki.osaka.jp/kakuka/kenkouf/hukusi/gyomuannai/shogaishafukushi/gyomuannai/fukushicenter.html
27,保健所,子育て支援施設,赤ちゃんの駅,保健所・保健センター,高槻市城東町５－７,072-661-9333,,34.843207,135.628576,月～金,8:45～17:15,土・日・祝、休日・年末年始（12/29～1/3）,あり,あり,,,http://www.city.takatsuki.osaka.jp/kurashi/hoken_iryo/hokenjo/
28,保健センター,子育て支援施設,赤ちゃんの駅,保健所・保健センター,高槻市城東町５－１,072-661-1108,072-661-2021,34.843207,135.628975,月～金,8:45～17:15,土・日・祝、休日・年末年始（12/29～1/3）,あり,あり,おむつ替え・授乳は職員に声をおかけください。,,http://www.city.takatsuki.osaka.jp/kakuka/kodomo/khoken/hoken_center.html
29,西部地域保健センター,子育て支援施設,赤ちゃんの駅,保健所・保健センター,高槻市富田町二丁目４－１,072-696-9460,072-696-9463,34.832988,135.591255,月～金,8:45～17:15,土・日・祝、休日・年末年始（12/29～1/3）,あり,あり,授乳は職員に声をおかけください。,,http://www.city.takatsuki.osaka.jp/kakuka/kodomo/khoken/hoken_center.html
30,あくあぴあ芥川（自然博物館）,子育て支援施設,赤ちゃんの駅,その他の公共施設,高槻市南平台五丁目５９－１,072-692-5041,072-692-7864,34.864016,135.592108,火～日,10:00～17:00,月曜日　月曜日が祝日の場合は翌平日　12/28～1/4,あり,あり,,,http://www.city.takatsuki.osaka.jp/kurashi/bunka_sports/bunka_koryushisetsu/aquapia.html
31,総合スポーツセンター体育館,子育て支援施設,赤ちゃんの駅,その他の公共施設,高槻市芝生町四丁目１－１,072-677-8200,,34.824983,135.610058,休館日を除く日,9:00～21:00,火曜日　12/28～1/4,あり,あり,,,http://www.city.takatsuki.osaka.jp/kurashi/bunka_sports/sport_page/shisetu/taiikukan/sibo_gym.html
32,古曽部防災公園体育館,子育て支援施設,赤ちゃんの駅,その他の公共施設,高槻市古曽部町三丁目１５－１,072-681-0031,,34.862727,135.621701,休館日を除く日,9：00～21：00,木曜日　12/28～1/4,あり,あり,,,http://www.city.takatsuki.osaka.jp/kurashi/bunka_sports/sport_page/shisetu/taiikukan/1327796846594.html
33,今城塚古代歴史館,子育て支援施設,赤ちゃんの駅,その他の公共施設,高槻市郡家新町４８－８,072-682-0820,072-682-0930,34.852435,135.596014,火～日,10:00～17:00（入館は16:30まで）,月曜日、祝日の翌日、１２／２８～１／３,あり,あり,調乳用のお湯は、職員に声をおかけください。,,http://www.city.takatsuki.osaka.jp/rekishi_kanko/rekishi/rekishikan/shisetsu/1331883966934.html
34,高槻現代劇場,子育て支援施設,赤ちゃんの駅,その他の公共施設,高槻市野見町２－３３,072-671-1061,,34.845571,135.620685,,9:00～22:00　(受付時間は8:45～17:15),7月の第1日曜日、年末年始および年5回の点検休館日あり,なし,なし,,,http://www.city.takatsuki.osaka.jp/bunka/theater/index.html
35,女瀬川南コミュニティセンター,子育て支援施設,赤ちゃんの駅,公民館・コミュニティセンター,高槻市芝生町三丁目１６－１,072-678-6748,072-678-6751,34.827891,135.610009,休館日を除く日,9:00～22:00　（おむつ替え・授乳は17:00まで）,第3水曜・8/13～16・年末年始(12/27～1/6),あり,あり,授乳・おむつ替えは事務所に声をおかけください。,あり（5台程度）,http://www.city.takatsuki.osaka.jp/kurashi/shiminkatsudo/koekikatsudo/komyunithisennta/1327457755278.html
36,寿栄コミュニティセンター,子育て支援施設,赤ちゃんの駅,公民館・コミュニティセンター,高槻市栄町三丁目１１－３,072-696-6025,072-696-6137,34.826520,135.600431,休館日を除く日,9:00～22:00　（おむつ替え・授乳は17:00まで）,第3金曜・8/13～16・年末年始(12/27～1/6),あり,あり,授乳・おむつ替えは事務所に声をおかけください。,あり（5台程度）,http://www.city.takatsuki.osaka.jp/kurashi/shiminkatsudo/koekikatsudo/komyunithisennta/1327455298503.html
37,竹の内コミュニティセンター,子育て支援施設,赤ちゃんの駅,公民館・コミュニティセンター,高槻市竹の内町６０－６,072-661-1263,072-661-1265,34.825119,135.62776,休館日を除く日,9:00～22:00　（おむつ替え・授乳は17:00まで）,第5週目・8/13～16・年末年始(12/27～1/6),あり,あり,授乳・おむつ替えは事務所に声をおかけください。,あり（5台程度）,http://www.city.takatsuki.osaka.jp/kurashi/shiminkatsudo/koekikatsudo/komyunithisennta/1327456384228.html
38,奥坂コミュニティセンター,子育て支援施設,赤ちゃんの駅,公民館・コミュニティセンター,高槻市別所本町３５－３,072-684-1375,072-684-1384,34.863233,135.625078,休館日を除く日,9:00～22:00　（おむつ替え・授乳は17:00まで）,29日・8/13～16・年末年始(12/27～1/6),あり,あり,授乳・おむつ替えは事務所に声をおかけください。,あり（5台程度）,http://www.city.takatsuki.osaka.jp/kurashi/shiminkatsudo/koekikatsudo/komyunithisennta/1327452703726.html
39,堤コミュニティセンター,子育て支援施設,赤ちゃんの駅,公民館・コミュニティセンター,高槻市堤町３－２,072-674-8210,072-674-8210,34.827255,135.618421,休館日を除く日,9:00～22:00　（おむつ替え・授乳は17:00まで）,第4月曜・8/13～16・年末年始(12/27～1/6),あり,あり,授乳・おむつ替えは事務所に声をおかけください。,あり（16台）,http://www.city.takatsuki.osaka.jp/kurashi/shiminkatsudo/koekikatsudo/komyunithisennta/1327454400750.html
40,大冠北第１コミュニティセンター,子育て支援施設,赤ちゃんの駅,公民館・コミュニティセンター,高槻市永楽町１－１５,072-673-2046,072-673-2051,34.845638,135.632596,休館日を除く日,9:00～22:00　（おむつ替え・授乳は17:00まで）,第4月曜・8/13～16・年末年始(12/27～1/6),あり,あり,授乳・おむつ替えは事務所に声をおかけください。,あり（10台程度）,http://www.city.takatsuki.osaka.jp/kakuka/shimin/cominiti/shisetsuannnai/communitycenter/okammurikita1.html
41,大冠北第２コミュニティセンター,子育て支援施設,赤ちゃんの駅,公民館・コミュニティセンター,高槻市宮野町１０－１６,072-674-4955,072-674-4955,34.850599,135.637255,休館日を除く日,9:00～22:00　（おむつ替え・授乳は17:00まで）,第4月曜・8/13～16・年末年始(12/27～1/6),あり,あり,授乳・おむつ替えは事務所に声をおかけください。,あり（5台程度）,http://www.city.takatsuki.osaka.jp/kurashi/shiminkatsudo/koekikatsudo/komyunithisennta/1327450473146.html
42,川西コミュニティセンター,子育て支援施設,赤ちゃんの駅,公民館・コミュニティセンター,高槻市清福寺町６－５,072-683-9048,072-683-9048,34.851739,135.604334,休館日を除く日,9:00～22:00　（おむつ替え・授乳は17:00まで）,第2日曜・8/13～16・年末年始(12/27～1/6),あり,あり,授乳・おむつ替えは事務所に声をおかけください。,あり（8台）,http://www.city.takatsuki.osaka.jp/kurashi/shiminkatsudo/koekikatsudo/komyunithisennta/1327392444450.html
43,赤大路コミュニティセンター,子育て支援施設,赤ちゃんの駅,公民館・コミュニティセンター,高槻市赤大路町１５－６,072-695-5563,072-695-5613,34.835599,135.586122,休館日を除く日,9:00～22:00　（おむつ替え・授乳は17:00まで）,第3月曜・8/13～16・年末年始(12/27～1/6),あり,あり,授乳・おむつ替えは事務所に声をおかけください。,あり（5台程度）,http://www.city.takatsuki.osaka.jp/kurashi/shiminkatsudo/koekikatsudo/komyunithisennta/1327393466296.html
44,柳川コミュニティセンター,子育て支援施設,赤ちゃんの駅,公民館・コミュニティセンター,高槻市西町２－５,072-695-5793,072-695-5793,34.824637,135.595858,休館日を除く日,9:00～22:00　（おむつ替え・授乳は17:00まで）,第3日曜・8/13～16・年末年始(12/27～1/6),あり,あり,授乳・おむつ替えは事務所に声をおかけください。,あり（4台）,http://www.city.takatsuki.osaka.jp/kurashi/shiminkatsudo/koekikatsudo/komyunithisennta/1327390602715.html
45,冠コミュニティセンター,子育て支援施設,赤ちゃんの駅,公民館・コミュニティセンター,高槻市大冠町二丁目４０－１０,072-674-8221,072-674-8221,34.833831,135.636714,休館日を除く日,9:00～22:00　（おむつ替え・授乳は17:00まで）,第5日曜・8/13～16・年末年始(12/27～1/6),あり,あり,授乳・おむつ替えは事務所に声をおかけください。,あり（但緊急等用）,http://www.city.takatsuki.osaka.jp/kurashi/shiminkatsudo/koekikatsudo/komyunithisennta/1327391558878.html
46,西大冠コミュニティセンター,子育て支援施設,赤ちゃんの駅,公民館・コミュニティセンター,高槻市城南町三丁目１－３,072-672-4130,072-672-4131,34.837017,135.62386,休館日を除く日,9:00～22:00　（おむつ替え・授乳は17:00まで）,第3水曜・8/13～16・年末年始(12/27～1/6),あり,あり,授乳・おむつ替えは事務所に声をおかけください。,あり（2台）,http://www.city.takatsuki.osaka.jp/kurashi/shiminkatsudo/koekikatsudo/komyunithisennta/1327387883089.html
47,清水コミュニティセンター,子育て支援施設,赤ちゃんの駅,公民館・コミュニティセンター,高槻市宮之川原五丁目４－３,072-687-4660,072-687-4670,34.86575,135.598363,休館日を除く日,9:00～22:00　（おむつ替え・授乳は17:00まで）,第3水曜・8/13～16・年末年始(12/27～1/6),あり,あり,授乳・おむつ替えは事務所に声をおかけください。,あり（3台）,http://www.city.takatsuki.osaka.jp/kurashi/shiminkatsudo/koekikatsudo/komyunithisennta/1327389360687.html
48,阿武野コミュニティセンター,子育て支援施設,赤ちゃんの駅,公民館・コミュニティセンター,高槻市南平台五丁目２１－２,072-696-0921,072-696-0922,34.862088,135.588536,休館日を除く日,9:00～22:00　（おむつ替え・授乳は17:00まで）,第4月曜・8/13～16・年末年始(12/27～1/6),あり,あり,授乳・おむつ替えは事務所に声をおかけください。,あり（22台）,http://www.city.takatsuki.osaka.jp/kurashi/shiminkatsudo/koekikatsudo/komyunithisennta/1327385477029.html
49,玉川牧田コミュニティセンター,子育て支援施設,赤ちゃんの駅,公民館・コミュニティセンター,高槻市牧田町２６－３,072-696-8877,072-696-8877,34.820095,135.599302,休館日を除く日,9:00～22:00　（おむつ替え・授乳は17:00まで）,第1水曜・8/13～16・年末年始(12/27～1/6),あり,あり,授乳は事務所に声をおかけください。,あり（10台）,http://www.city.takatsuki.osaka.jp/kurashi/shiminkatsudo/koekikatsudo/komyunithisennta/1327386359426.html
50,清水池コミュニティセンター,子育て支援施設,赤ちゃんの駅,公民館・コミュニティセンター,高槻市川西町三丁目７－７,072-661-4111,072-661-4111,34.845479,135.609258,休館日を除く日（授乳は日曜除く）,9:00～22:00　（授乳は9:30～16:30）,第3水曜・8/13～16・年末年始(12/27～1/6),あり,あり,授乳は事務所に声をおかけください。,あり（5台）,http://www.city.takatsuki.osaka.jp/kurashi/shiminkatsudo/koekikatsudo/komyunithisennta/1327381301398.html
51,桃園コミュニティセンター,子育て支援施設,赤ちゃんの駅,公民館・コミュニティセンター,高槻市城西町１０－１２,072-672-5477,072-672-5477,34.841486,135.614365,,,,,,,,http://www.city.takatsuki.osaka.jp/kurashi/shiminkatsudo/koekikatsudo/komyunithisennta/1395102652888.html
52,西阿武野コミュニティセンター,子育て支援施設,赤ちゃんの駅,公民館・コミュニティセンター,高槻市阿武野一丁目１０－２,072-692-0800,072-692-0800,34.855521,135.575387,休館日を除く日,９：００～２２：００（おむつ替え・授乳は１７：００まで）,第２水曜日・８／１３～１６・年末年始（１２／２７～１／６）,あり,あり,授乳・おむつ替えは事務所に声をおかけください。,,http://www.city.takatsuki.osaka.jp/kakuka/shimin/cominiti/shisetsuannnai/communitycenter/1425524309720.html
53,芥川公民館,子育て支援施設,赤ちゃんの駅,公民館・コミュニティセンター,高槻市芥川町四丁目２０－１２,072-683-1423,072-683-1423,34.852012,135.608384,年末・年始(12/28～1/3）を除く毎日,9：00～22：00,年末年始　（12/28～1/3）,あり,あり,できるだけ公共交通機関をご利用ください。授乳・おむつ替えは職員に声をおかけください。,,http://www.city.takatsuki.osaka.jp/kakuka/kyoikukanribu/kominkan/gyomuannai/akutagawa/akutagawa.html
54,真上公民館,子育て支援施設,赤ちゃんの駅,公民館・コミュニティセンター,高槻市真上町二丁目１６－６,072-683-2509,072-683-2509,34.857915,135.608711,年末・年始(12/28～1/3）を除く毎日,9：00～22：00,年末年始　（12/28～1/3）,あり,あり,できるだけ公共交通機関をご利用ください。授乳・おむつ替えは職員に声をおかけください。,,http://www.city.takatsuki.osaka.jp/kakuka/kyoikukanribu/kominkan/gyomuannai/makami/makami.html
55,富田公民館,子育て支援施設,赤ちゃんの駅,公民館・コミュニティセンター,高槻市富田町五丁目１７－１,072-693-1671,072-692-6621,34.830668,135.595086,年末・年始(12/28～1/3）を除く毎日,9：00～22：00,年末年始　（12/28～1/3）,あり,あり,駐車場は富田支所と共有。できるだけ公共交通機関をご利用ください。授乳は職員に声をおかけください。,,http://www.city.takatsuki.osaka.jp/kakuka/kyoikukanribu/kominkan/gyomuannai/tonda/tonda.html
56,城内公民館,子育て支援施設,赤ちゃんの駅,公民館・コミュニティセンター,高槻市城内町１－１,072-671-4644,072-671-4552,34.844616,135.622439,年末・年始(12/28～1/3）を除く毎日,9：00～22：00,年末年始　（12/28～1/3）,あり,あり,できるだけ公共交通機関をご利用ください。授乳・おむつ替えは職員に声をおかけください。,あり(８台),http://www.city.takatsuki.osaka.jp/kakuka/kyoikukanribu/kominkan/gyomuannai/jounai/jounai.html
57,南大冠公民館,子育て支援施設,赤ちゃんの駅,公民館・コミュニティセンター,高槻市大塚町一丁目２０－１,072-673-1477,072-673-1477,34.822385,135.632905,年末・年始(12/28～1/3）を除く毎日,9：00～22：00,年末年始　（12/28～1/3）,あり,あり,できるだけ公共交通機関をご利用ください。授乳・おむつ替えは職員に声をおかけください。,,http://www.city.takatsuki.osaka.jp/kakuka/kyoikukanribu/kominkan/gyomuannai/minamiokanmuri/nankan.html
58,三箇牧公民館,子育て支援施設,赤ちゃんの駅,公民館・コミュニティセンター,高槻市三島江一丁目１１－８,072-677-0965,072-677-0967,34.803618,135.611528,年末・年始(12/28～1/3）を除く毎日,9：00～22：00,年末年始　（12/28～1/3）,あり,あり,駐車場は三箇牧支所と共有。できるだけ公共交通機関をご利用ください。授乳・おむつ替えは職員に声をおかけください。,,http://www.city.takatsuki.osaka.jp/kakuka/kyoikukanribu/kominkan/gyomuannai/sangamaki/sangamaki.html
59,北清水公民館,子育て支援施設,赤ちゃんの駅,公民館・コミュニティセンター,高槻市清水台一丁目７－１,072-687-3190,072-687-3190,34.878505,135.598208,年末・年始(12/28～1/3）を除く毎日,9：00～22：00,年末年始　（12/28～1/3）,あり,あり,授乳・おむつ替えは職員に声をおかけください。,,http://www.city.takatsuki.osaka.jp/kakuka/kyoikukanribu/kominkan/gyomuannai/kitasimizu/kitasimizu.html
60,今城塚公民館,子育て支援施設,赤ちゃんの駅,公民館・コミュニティセンター,高槻市郡家新町４８－３,072-683-3331,072-683-6159,34.852272,135.594871,年末・年始(12/28～1/3）を除く毎日,9：00～22：00,年末年始　（12/28～1/3）,あり,あり,できるだけ公共交通機関をご利用ください。授乳・おむつ替えは職員に声をおかけください。,,http://www.city.takatsuki.osaka.jp/kakuka/kyoikukanribu/kominkan/gyomuannai/imasiro/imasiro.html
61,五領公民館,子育て支援施設,赤ちゃんの駅,公民館・コミュニティセンター,高槻市五領町１１－６,072-669-6169,072-669-6165,34.862022,135.653536,年末・年始(12/28～1/3）を除く毎日,9：00～22：00,年末年始　（12/28～1/3）,あり,あり,できるだけ公共交通機関をご利用ください。授乳・おむつ替えは職員に声をおかけください。,,http://www.city.takatsuki.osaka.jp/kakuka/kyoikukanribu/kominkan/gyomuannai/goryo/goryo.html
62,磐手公民館,子育て支援施設,赤ちゃんの駅,公民館・コミュニティセンター,高槻市安満北の町１８－１,072-685-2110,072-685-7727,34.862995,135.629021,年末・年始(12/28～1/3）を除く毎日,9：00～22：00,年末年始　（12/28～1/3）,あり,あり,できるだけ公共交通機関をご利用ください。授乳・おむつ替えは職員に声をおかけください。,,http://www.city.takatsuki.osaka.jp/kakuka/kyoikukanribu/kominkan/gyomuannai/iwate/iwate.html
63,日吉台公民館,子育て支援施設,赤ちゃんの駅,公民館・コミュニティセンター,高槻市寺谷町５０－１,072-688-6636,072-688-6636,34.878021,135.608593,年末・年始(12/28～1/3）を除く毎日,9：00～22：00,年末年始　（12/28～1/3）,あり,あり,できるだけ公共交通機関をご利用ください。授乳・おむつ替えは職員に声をおかけください。,,http://www.city.takatsuki.osaka.jp/kakuka/kyoikukanribu/kominkan/gyomuannai/hiyosidai/hiyosidai.html
64,如是公民館,子育て支援施設,赤ちゃんの駅,公民館・コミュニティセンター,高槻市如是町２－５,072-693-1866,072-693-1866,34.836163,135.604929,年末・年始(12/28～1/3）を除く毎日,9：00～22：00,年末年始　（12/28～1/3）,あり,あり,できるだけ公共交通機関をご利用ください。授乳・おむつ替えは職員に声をおかけください。,,http://www.city.takatsuki.osaka.jp/kakuka/kyoikukanribu/kominkan/gyomuannai/nyoze/nyoze.html
65,如是保育所,子育て支援施設,赤ちゃんの駅,保育所・保育園・認定保育施設,高槻市東五百住町三丁目５－１２,072-696-0161,072-696-0161,34.836819,135.599335,月～土（祝日・年末年始を除く）,授乳・おむつ替えは月～金（9:00～17:00）　土（9:00～12:00）,,あり,あり,授乳・おむつ替えは職員に声をおかけください。行事等により、利用できない場合があります。,,http://www.city.takatsuki.osaka.jp/kakuka/kodomo/hoikuj/gyomuannai/hoikusyo/ninkahoikusyo/hoikusyo_kodomoen/kouritu_hoikusyo/nyoze.html
66,芥川保育所,子育て支援施設,赤ちゃんの駅,保育所・保育園・認定保育施設,高槻市芥川町四丁目２－２０,072-684-0861,072-684-0861,34.850956,135.610632,月～土（祝日・年末年始を除く）,授乳・おむつ替えは月～金（9:00～17:00）　土（9:00～12:00）,,あり,あり,授乳・おむつ替えは職員に声をおかけください。行事等により、利用できない場合があります。,,http://www.city.takatsuki.osaka.jp/kakuka/kodomo/hoikuj/gyomuannai/hoikusyo/ninkahoikusyo/hoikusyo_kodomoen/kouritu_hoikusyo/akutagawa.html
67,大塚保育所,子育て支援施設,赤ちゃんの駅,保育所・保育園・認定保育施設,高槻市大塚町二丁目２０－５,072-671-2246,072-671-2246,34.825502,135.636499,月～土（祝日・年末年始を除く）,授乳・おむつ替えは月～金（9:00～17:00）　土（9:00～12:00）,,あり,あり,授乳・おむつ替えは職員に声をおかけください。行事等により、利用できない場合があります。,,http://www.city.takatsuki.osaka.jp/kakuka/kodomo/hoikuj/gyomuannai/hoikusyo/ninkahoikusyo/hoikusyo_kodomoen/kouritu_hoikusyo/otsuka.html
68,柳川保育所,子育て支援施設,赤ちゃんの駅,保育所・保育園・認定保育施設,高槻市栄町一丁目２４－１,072-696-9286,072-696-9286,34.826515,135.595405,月～土（祝日・年末年始を除く）,授乳・おむつ替えは月～金（9:00～17:00）　土（9:00～12:00）,,あり,あり,授乳・おむつ替えは職員に声をおかけください。行事等により、利用できない場合があります。,,http://www.city.takatsuki.osaka.jp/kakuka/kodomo/hoikuj/gyomuannai/hoikusyo/ninkahoikusyo/hoikusyo_kodomoen/kouritu_hoikusyo/nagikawa.html
69,阿武野保育所,子育て支援施設,赤ちゃんの駅,保育所・保育園・認定保育施設,高槻市宮田町二丁目３４－１８,072-696-3801,072-696-3801,34.844822,135.588165,月～土（祝日・年末年始を除く）,授乳・おむつ替えは月～金（9:00～17:00）　土（9:00～12:00）,,あり,あり,授乳・おむつ替えは職員に声をおかけください。行事等により、利用できない場合があります。,,http://www.city.takatsuki.osaka.jp/kakuka/kodomo/hoikuj/gyomuannai/hoikusyo/ninkahoikusyo/hoikusyo_kodomoen/kouritu_hoikusyo/abuno.html
70,五領保育所,子育て支援施設,赤ちゃんの駅,保育所・保育園・認定保育施設,高槻市上牧北駅前町８－１,072-681-0951,072-681-0951,34.86936,135.658423,月～土（祝日・年末年始を除く）,授乳・おむつ替えは月～金（9:00～17:00）　土（9:00～12:00）,,あり,あり,授乳・おむつ替えは職員に声をおかけください。行事等により、利用できない場合があります。,,http://www.city.takatsuki.osaka.jp/kakuka/kodomo/hoikuj/gyomuannai/hoikusyo/ninkahoikusyo/hoikusyo_kodomoen/kouritu_hoikusyo/goryo.html
71,磐手保育所,子育て支援施設,赤ちゃんの駅,保育所・保育園・認定保育施設,高槻市古曽部町二丁目８－９,072-683-8188,072-683-8188,34.855941,135.624678,月～土（祝日・年末年始を除く）,授乳・おむつ替えは月～金（9:00～17:00）　土（9:00～12:00）,,あり,あり,授乳・おむつ替えは職員に声をおかけください。行事等により、利用できない場合があります。,,http://www.city.takatsuki.osaka.jp/kakuka/kodomo/hoikuj/gyomuannai/hoikusyo/ninkahoikusyo/hoikusyo_kodomoen/kouritu_hoikusyo/iwate.html
72,川西保育所,子育て支援施設,赤ちゃんの駅,保育所・保育園・認定保育施設,高槻市川西町二丁目３２－１,072-683-3378,072-683-3378,34.846857,135.605037,月～土（祝日・年末年始を除く）,授乳・おむつ替えは月～金（9:00～17:00）　土（9:00～12:00）,,あり,あり,授乳・おむつ替えは職員に声をおかけください。行事等により、利用できない場合があります。,,http://www.city.takatsuki.osaka.jp/kakuka/kodomo/hoikuj/gyomuannai/hoikusyo/ninkahoikusyo/hoikusyo_kodomoen/kouritu_hoikusyo/kawanishi.html
73,北昭和台保育所,子育て支援施設,赤ちゃんの駅,保育所・保育園・認定保育施設,高槻市北昭和台町１８－７,072-694-8866,072-694-8866,34.832499,135.586406,月～土（祝日・年末年始を除く）,授乳・おむつ替えは月～金（9:00～17:00）　土（9:00～12:00）,,あり,あり,授乳・おむつ替えは職員に声をおかけください。行事等により、利用できない場合があります。,,http://www.city.takatsuki.osaka.jp/kakuka/kodomo/hoikuj/gyomuannai/hoikusyo/ninkahoikusyo/hoikusyo_kodomoen/kouritu_hoikusyo/kitashowadai.html
74,芝生保育所,子育て支援施設,赤ちゃんの駅,保育所・保育園・認定保育施設,高槻市芝生町二丁目１０－３０,072-677-4475,072-677-4475,34.831311,135.606228,月～土（祝日・年末年始を除く）,授乳・おむつ替えは月～金（9:00～17:00）　土（9:00～12:00）,,あり,あり,授乳・おむつ替えは職員に声をおかけください。行事等により、利用できない場合があります。,,http://www.city.takatsuki.osaka.jp/kakuka/kodomo/hoikuj/gyomuannai/hoikusyo/ninkahoikusyo/hoikusyo_kodomoen/kouritu_hoikusyo/shibafu.html
75,中央図書館,子育て支援施設,赤ちゃんの駅,図書館,高槻市桃園町２－１,072-674-7800,,34.846019,135.617332,(1)月・水・金曜日　(2)木（第２木曜日を除く）・土・日曜日、祝・休日,(1)10:00～19:00　(2)10:00～17:30,火曜日・第２木曜日・年末年始(12/28～1/4),あり,あり,おむつ替え設備は、2階女性用トイレ前にあり。授乳は職員に声をおかけください。,あり　　（有料）,http://www.library.city.takatsuki.osaka.jp/lib_02_chuo.html
76,小寺池図書館,子育て支援施設,赤ちゃんの駅,図書館,高槻市西五百住町１－１,072-696-2880,,34.835185,135.595086,(1)火・水・金曜日　(2)木(第２木曜日を除く）・土・日曜日、祝・休日,(1)10:00～19:00　(2)10:00～17:30,月曜日・第２木曜日・年末年始(12/28～1/4),あり,あり,,なし,http://www.library.city.takatsuki.osaka.jp/lib_03_kotera.html
77,芝生図書館,子育て支援施設,赤ちゃんの駅,図書館,高槻市芝生町四丁目３－１１,072-678-7401,,34.822116,135.609784,(1)月・水・金曜日　(2)木(第２木曜日を除く）・土・日曜日、祝・休日,(1)10:00～19:00　(2)10:00～17:30,火曜日・第２木曜日・年末年始(12/28～1/4),あり,あり,授乳は職員に声をおかけください。,あり　　（有料）,http://www.library.city.takatsuki.osaka.jp/lib_04_shibafu.html
78,阿武山図書館,子育て支援施設,赤ちゃんの駅,図書館,高槻市奈佐原二丁目１１－１２,072-693-9333,,34.860297,135.58013,(1)月・水・金曜日　(2)木(第２木曜日を除く）・土・日曜日、祝・休日,(1)10:00～19:00　(2)10:00～17:30,火曜日・第２木曜日・年末年始(12/28～1/4),あり,あり,授乳は職員に声をおかけください。,なし,http://www.library.city.takatsuki.osaka.jp/lib_05_abuyama.html
79,服部図書館,子育て支援施設,赤ちゃんの駅,図書館,高槻市浦堂二丁目１５－１,072-668-1085,,34.86535,135.603358,(1)火・水・金曜日(2)木（第2木曜日を除く）・土・日曜日・祝,(1)10:00～19:00　(2)10:00～17:30,月曜日・第2木曜日・年末年始（12/28～1/4）,あり,あり,授乳は職員に声をおかけください。,あり（有料）,http://www.library.city.takatsuki.osaka.jp/lib_06_hattori.html
80,高槻幼稚園,子育て支援施設,赤ちゃんの駅,幼稚園,高槻市本町３－６９,072-675-5050,072-675-5050,34.845478,135.626838,月～金（休園日は除く）,授乳・おむつ替えは9:00～17:00,,あり,あり,授乳・おむつ替えは職員に声をおかけください。行事等により、利用できない場合があります。,,http://www.takatsuki-osk.ed.jp/takatsukiyo/
81,芥川幼稚園,子育て支援施設,赤ちゃんの駅,幼稚園,高槻市真上町一丁目２－６,072-685-1441,072-685-1441,34.854639,135.613282,月～金（休園日は除く）,授乳・おむつ替えは9:00～17:00,,あり,あり,授乳・おむつ替えは職員に声をおかけください。行事等により、利用できない場合があります。,,http://www.takatsuki-osk.ed.jp/akutagawayo/
82,阿武野幼稚園,子育て支援施設,赤ちゃんの駅,幼稚園,高槻市氷室町四丁目１６－１,072-696-0074,072-696-0074,34.850949,135.58566,月～金（休園日は除く）,授乳・おむつ替えは9:00～17:00,,あり,あり,授乳・おむつ替えは職員に声をおかけください。行事等により、利用できない場合があります。,,http://www.takatsuki-osk.ed.jp/abunoyo/
83,五領幼稚園,子育て支援施設,赤ちゃんの駅,幼稚園,高槻市五領町１２－１,072-669-3620,072-669-3620,34.862007,135.652678,月～金（休園日は除く）,授乳・おむつ替えは9:00～17:00,,あり,あり,授乳・おむつ替えは職員に声をおかけください。行事等により、利用できない場合があります。,,http://www.takatsuki-osk.ed.jp/goryoyo/
84,清水幼稚園,子育て支援施設,赤ちゃんの駅,幼稚園,高槻市宮之川原五丁目４－１,072-687-5080,072-687-5080,34.865798,135.597843,月～金（休園日は除く）,授乳・おむつ替えは9:00～17:00,,あり,あり,授乳・おむつ替えは職員に声をおかけください。行事等により、利用できない場合があります。,,http://www.takatsuki-osk.ed.jp/shimizuyo/
85,磐手幼稚園,子育て支援施設,赤ちゃんの駅,幼稚園,高槻市別所本町９－６,072-685-5275,072-685-5275,34.86196,135.628592,月～金（休園日は除く）,授乳・おむつ替えは9:00～17:00,,あり,あり,授乳・おむつ替えは職員に声をおかけください。行事等により、利用できない場合があります。,,http://www.takatsuki-osk.ed.jp/iwateyo/
86,三箇牧幼稚園,子育て支援施設,赤ちゃんの駅,幼稚園,高槻市三島江一丁目１３－６,072-678-0014,072-678-0014,34.805771,135.613856,月～金（休園日は除く）,授乳・おむつ替えは9:00～17:00,,あり,あり,授乳・おむつ替えは職員に声をおかけください。行事等により、利用できない場合があります。,,http://www.takatsuki-osk.ed.jp/sangamakiyo/
87,富田幼稚園,子育て支援施設,赤ちゃんの駅,幼稚園,高槻市昭和台町一丁目１－１,072-696-2407,072-696-2407,34.828865,135.591239,月～金（休園日は除く）,授乳・おむつ替えは9:00～17:00,,あり,あり,授乳・おむつ替えは職員に声をおかけください。行事等により、利用できない場合があります。,,http://www.takatsuki-osk.ed.jp/tondayo/
88,南大冠幼稚園,子育て支援施設,赤ちゃんの駅,幼稚園,高槻市大塚町一丁目４－８,072-671-1370,072-671-1370,34.826823,135.633484,月～金（休園日は除く）,授乳・おむつ替えは9:00～17:00,,あり,あり,授乳・おむつ替えは職員に声をおかけください。行事等により、利用できない場合があります。,,http://www.takatsuki-osk.ed.jp/minamiokanmuriyo/
89,桜台認定こども園,子育て支援施設,赤ちゃんの駅,幼稚園,高槻市登町９－２,072-674-5630,072-674-5635,34.830892,135.624638,月～土（休園日は除く）,授乳・おむつ替えは9:00～17:00,,あり,あり,授乳・おむつ替えは職員に声をおかけください。行事等により、利用できない場合があります。,,http://www.takatsuki-osk.ed.jp/sakuradaiyo/
90,芝生幼稚園,子育て支援施設,赤ちゃんの駅,幼稚園,高槻市芝生町三丁目３０－１,072-677-2445,072-677-2445,34.825718,135.607461,月～金（休園日は除く）,授乳・おむつ替えは9:00～17:00,,あり,あり,授乳・おむつ替えは職員に声をおかけください。行事等により、利用できない場合があります。,,http://www.takatsuki-osk.ed.jp/shiboyo/
91,日吉台幼稚園,子育て支援施設,赤ちゃんの駅,幼稚園,高槻市日吉台一番町２４－１０,072-687-1531,072-687-1531,34.870561,135.61259,月～金（休園日は除く）,授乳・おむつ替えは9:00～17:00,,あり,あり,授乳・おむつ替えは職員に声をおかけください。行事等により、利用できない場合があります。,,http://www.takatsuki-osk.ed.jp/hiyoshidaiyo/
92,西大冠幼稚園,子育て支援施設,赤ちゃんの駅,幼稚園,高槻市城南町三丁目１－２,072-675-5332,072-675-5332,34.837057,135.623238,月～金（休園日は除く）,授乳・おむつ替えは9:00～17:00,,あり,あり,授乳・おむつ替えは職員に声をおかけください。行事等により、利用できない場合があります。,,http://www.takatsuki-osk.ed.jp/nishiokanmuriyo/
93,玉川幼稚園,子育て支援施設,赤ちゃんの駅,幼稚園,高槻市牧田町８－２,072-695-3354,072-695-3354,34.819529,135.604098,月～金（休園日は除く）,授乳・おむつ替えは9:00～17:00,,あり,あり,授乳・おむつ替えは職員に声をおかけください。行事等により、利用できない場合があります。,,http://www.takatsuki-osk.ed.jp/tamagawayo/
94,上牧幼稚園,子育て支援施設,赤ちゃんの駅,幼稚園,高槻市上牧町四丁目２２－２,072-669-3623,072-669-3623,34.85965,135.661401,月～金（休園日は除く）,授乳・おむつ替えは9:00～17:00,,あり,あり,授乳・おむつ替えは職員に声をおかけください。行事等により、利用できない場合があります。,,http://www.takatsuki-osk.ed.jp/kanmakiyo/
95,北清水幼稚園,子育て支援施設,赤ちゃんの駅,幼稚園,高槻市安岡寺町六丁目２－２,072-687-1540,072-687-1540,34.880965,135.605047,月～金（休園日は除く）,授乳・おむつ替えは9:00～17:00,,あり,あり,授乳・おむつ替えは職員に声をおかけください。行事等により、利用できない場合があります。,,http://www.takatsuki-osk.ed.jp/kitashimizuyo/
96,津之江幼稚園,子育て支援施設,赤ちゃんの駅,幼稚園,高槻市津之江北町７－２,072-673-9691,072-673-9691,34.843067,135.606109,月～金（休園日は除く）,授乳・おむつ替えは9:00～17:00,,あり,あり,授乳・おむつ替えは職員に声をおかけください。行事等により、利用できない場合があります。,,http://www.takatsuki-osk.ed.jp/tsunoeyo/
97,柱本幼稚園,子育て支援施設,赤ちゃんの駅,幼稚園,高槻市柱本新町１０－７,072-677-2739,072-677-2739,34.793262,135.600718,月～金（休園日は除く）,授乳・おむつ替えは9:00～17:00,,あり,あり,授乳・おむつ替えは職員に声をおかけください。行事等により、利用できない場合があります。,,http://www.takatsuki-osk.ed.jp/hashiramotoyo/
98,郡家幼稚園,子育て支援施設,赤ちゃんの駅,幼稚園,高槻市郡家新町６８－３,072-683-1888,072-683-1888,34.850471,135.596534,月～金（休園日は除く）,授乳・おむつ替えは9:00～17:00,,あり,あり,授乳・おむつ替えは職員に声をおかけください。行事等により、利用できない場合があります。,,http://www.takatsuki-osk.ed.jp/gungeyo/
99,土室幼稚園,子育て支援施設,赤ちゃんの駅,幼稚園,高槻市上土室六丁目１０－２,072-694-7200,072-694-7200,34.848719,135.577705,月～金（休園日は除く）,授乳・おむつ替えは9:00～17:00,,あり,あり,授乳・おむつ替えは職員に声をおかけください。行事等により、利用できない場合があります。,,http://www.takatsuki-osk.ed.jp/hamuroyo/
100,五百住幼稚園,子育て支援施設,赤ちゃんの駅,幼稚園,高槻市登美の里町２４－２,072-694-7251,072-694-7251,34.833235,135.600509,月～金（休園日は除く）,授乳・おむつ替えは9:00～17:00,,あり,あり,授乳・おむつ替えは職員に声をおかけください。行事等により、利用できない場合があります。,,http://www.takatsuki-osk.ed.jp/yosumiyo/
101,松原幼稚園,子育て支援施設,赤ちゃんの駅,幼稚園,高槻市沢良木町１８－２,072-676-1413,072-676-1413,34.845867,135.632095,月～金（休園日は除く）,授乳・おむつ替えは9:00～17:00,,あり,あり,授乳・おむつ替えは職員に声をおかけください。行事等により、利用できない場合があります。,,http://www.takatsuki-osk.ed.jp/matsubarayo/
102,下田部保育園,子育て支援施設,赤ちゃんの駅,保育所・保育園・認定保育施設,高槻市登町１－１,072-671-9960,072-673-8039,34.830631,135.621277,月～土（祝日・年末年始を除く）,授乳・おむつ替えは9:00～17:00,,あり,あり,授乳・おむつ替えは職員に声をおかけください。行事等により、利用できない場合があります。,,http://www.city.takatsuki.osaka.jp/kakuka/kodomo/hoikuj/gyomuannai/hoikusyo/ninkahoikusyo/hoikusyo_kodomoen/minkan_hoikuen/shimotanabe.html
103,認定こども園　玉川橋保育園,子育て支援施設,赤ちゃんの駅,保育所・保育園・認定保育施設,高槻市玉川二丁目４２－１,072-678-1532,072-678-7316,34.813797,135.601689,月～土（祝日・年末年始を除く）,授乳・おむつ替えは9:00～17:00,,あり,あり,授乳・おむつ替えは職員に声をおかけください。行事等により、利用できない場合があります。,,http://www.city.takatsuki.osaka.jp/kakuka/kodomo/hoikuj/gyomuannai/hoikusyo/ninkahoikusyo/hoikusyo_kodomoen/minkan_nintei_kodomoen/tamagawabashi.html
104,認定こども園　藤の里保育園,子育て支援施設,赤ちゃんの駅,保育所・保育園・認定保育施設,高槻市藤の里町３８－２８,072-672-0124,072-672-0125,34.841770,135.631647,月～土（祝日・年末年始・3/31を除く）,授乳・おむつ替えは9:00～17:00,,あり,あり,授乳・おむつ替えは職員に声をおかけください。行事等により、利用できない場合があります。,,http://www.city.takatsuki.osaka.jp/kakuka/kodomo/hoikuj/gyomuannai/hoikusyo/ninkahoikusyo/hoikusyo_kodomoen/minkan_nintei_kodomoen/fujinosato.html
105,認定こども園　柱本保育園　こども未来学舎,子育て支援施設,赤ちゃんの駅,保育所・保育園・認定保育施設,高槻市柱本新町１０－１,072-678-6925,072-678-6926,34.794180,135.600753,月～土（祝日・年末年始・休園日を除く）,授乳・おむつ替えは9:00～17:00　第2･4土は9:00～15:00,,あり,あり,授乳・おむつ替えは職員に声をおかけください。行事等により、利用できない場合があります。,,http://www.city.takatsuki.osaka.jp/kakuka/kodomo/hoikuj/gyomuannai/hoikusyo/ninkahoikusyo/hoikusyo_kodomoen/minkan_nintei_kodomoen/hashiramoto.html
106,南総持寺保育園,子育て支援施設,赤ちゃんの駅,保育所・保育園・認定保育施設,高槻市南総持寺町７－４,072-693-8531,072-693-8531,34.824719,135.587656,月～土（祝日・年末年始・休園日を除く）,授乳・おむつ替えは8:00～11:30、15:00～17:00,,あり,あり,授乳・おむつ替えは職員に声をおかけください。行事等により、利用できない場合があります。,,http://www.city.takatsuki.osaka.jp/kakuka/kodomo/hoikuj/gyomuannai/hoikusyo/ninkahoikusyo/hoikusyo_kodomoen/minkan_hoikuen/minami_s.html
107,ひむろこだま保育園,子育て支援施設,赤ちゃんの駅,保育所・保育園・認定保育施設,高槻市氷室町一丁目２１－１２,072-695-1516,072-695-4781,34.848158,135.592186,月～土（祝日・年末年始を除く）,授乳・おむつ替えは9:00～17:00,,あり,あり,授乳・おむつ替えは職員に声をおかけください。行事等により、利用できない場合があります。,,http://www.city.takatsuki.osaka.jp/kakuka/kodomo/hoikuj/gyomuannai/hoikusyo/ninkahoikusyo/hoikusyo_kodomoen/minkan_hoikuen/himurokodama.html
108,大冠保育園,子育て支援施設,赤ちゃんの駅,保育所・保育園・認定保育施設,高槻市天川新町１０－２８,072-676-1064,072-675-1133,34.843980,135.636598,月～土（祝日・年末年始を除く）,授乳・おむつ替えは9:00～17:00,,あり,あり,授乳・おむつ替えは職員に声をおかけください。行事等により、利用できない場合があります。,,http://www.city.takatsuki.osaka.jp/kakuka/kodomo/hoikuj/gyomuannai/hoikusyo/ninkahoikusyo/hoikusyo_kodomoen/minkan_hoikuen/okammuri.html
109,浦堂認定こども園,子育て支援施設,赤ちゃんの駅,保育所・保育園・認定保育施設,高槻市宮之川原四丁目３－１,072-687-7237,072-668-1230,34.863695,135.599506,月～土（祝日・年末年始を除く）,授乳・おむつ替えは9:00～17:00,,あり,あり,授乳・おむつ替えは職員に声をおかけください。行事等により、利用できない場合があります。,,http://www.city.takatsuki.osaka.jp/kakuka/kodomo/hoikuj/gyomuannai/hoikusyo/ninkahoikusyo/hoikusyo_kodomoen/minkan_nintei_kodomoen/urado.html
110,認定こども園　津之江さくら保育園,子育て支援施設,赤ちゃんの駅,保育所・保育園・認定保育施設,高槻市津之江町一丁目３７－９,072-673-7015,072-675-2913,34.840042,135.607558,月～土（祝日・年末年始を除く）,授乳・おむつ替えは9:00～17:00,,あり,あり,授乳・おむつ替えは職員に声をおかけください。行事等により、利用できない場合があります。,,http://www.city.takatsuki.osaka.jp/kakuka/kodomo/hoikuj/gyomuannai/hoikusyo/ninkahoikusyo/hoikusyo_kodomoen/minkan_nintei_kodomoen/tsunoe.html
111,川添保育園,子育て支援施設,赤ちゃんの駅,保育所・保育園・認定保育施設,高槻市西町４８－８,072-692-0185,072-692-1877,34.824925,135.598605,月～土（祝日・3月第4土・年末年始を除く）,授乳・おむつ替えは9:30～16:30　第4土は9:30～12:00,,あり,あり,授乳・おむつ替えは職員に声をおかけください。行事等により、利用できない場合があります。,,http://www.city.takatsuki.osaka.jp/kakuka/kodomo/hoikuj/gyomuannai/hoikusyo/ninkahoikusyo/hoikusyo_kodomoen/minkan_hoikuen/kawazoe.html
112,別所保育園,子育て支援施設,赤ちゃんの駅,保育所・保育園・認定保育施設,高槻市別所中の町３－１５,072-685-1123,072-685-1263,34.858637,135.626215,月～土（祝日・年末年始を除く）,授乳・おむつ替えは7:00～19:00　 土は9:30～18:30,,あり,あり,授乳・おむつ替えは職員に声をおかけください。行事等により、利用できない場合があります。,,http://www.city.takatsuki.osaka.jp/kakuka/kodomo/hoikuj/gyomuannai/hoikusyo/ninkahoikusyo/hoikusyo_kodomoen/minkan_hoikuen/bessho.html
113,阿武山たつの子　認定こども園,子育て支援施設,赤ちゃんの駅,保育所・保育園・認定保育施設,高槻市阿武野二丁目２－１,072-692-0306,072-692-0906,34.85974,135.578067,月～土（祝日・第2土・年末年始を除く）,授乳・おむつ替えは9:00～17:00,,あり,あり,授乳・おむつ替えは職員に声をおかけください。行事等により、利用できない場合があります。,,http://www.city.takatsuki.osaka.jp/kakuka/kodomo/hoikuj/gyomuannai/hoikusyo/ninkahoikusyo/hoikusyo_kodomoen/minkan_nintei_kodomoen/tatsunoko.html
114,認定こども園　聖ヶ丘保育園,子育て支援施設,赤ちゃんの駅,保育所・保育園・認定保育施設,高槻市芝谷町１９－７,072-689-8720,072-689-8730,34.867555,135.606952,月～土（祝日・年末年始を除く）,授乳・おむつ替えは9:00～17:00,,あり,あり,授乳・おむつ替えは職員に声をおかけください。行事等により、利用できない場合があります。,,http://www.city.takatsuki.osaka.jp/kakuka/kodomo/hoikuj/gyomuannai/hoikusyo/ninkahoikusyo/hoikusyo_kodomoen/minkan_nintei_kodomoen/tatsumi.html
115,真上保育園,子育て支援施設,赤ちゃんの駅,保育所・保育園・認定保育施設,高槻市真上町三丁目３－１,072-683-5134,072-683-5123,34.858298,135.606914,月～金（祝日・年末年始を除く）,授乳・おむつ替えは10:00～16:30,,あり,あり,授乳・おむつ替えは職員に声をおかけください。行事等により、利用できない場合があります。,,http://www.city.takatsuki.osaka.jp/kakuka/kodomo/hoikuj/gyomuannai/hoikusyo/ninkahoikusyo/hoikusyo_kodomoen/minkan_hoikuen/makami.html
116,天川保育園,子育て支援施設,赤ちゃんの駅,保育所・保育園・認定保育施設,高槻市永楽町１０－２,072-662-6700,072-662-6800,34.847344,135.638331,月～土（祝日・3月第4土・年末年始を除く）,授乳・おむつ替えは9:30～16:30　第4土は9:30～12:00,,あり,あり,授乳・おむつ替えは職員に声をおかけください。行事等により、利用できない場合があります。,,http://www.city.takatsuki.osaka.jp/kakuka/kodomo/hoikuj/gyomuannai/hoikusyo/ninkahoikusyo/hoikusyo_kodomoen/minkan_hoikuen/amakawa.html
117,高槻あいわ保育園,子育て支援施設,赤ちゃんの駅,保育所・保育園・認定保育施設,高槻市芥川町一丁目２　Ｂ１１４（アクトアモーレ３階）,072-682-4152,072-682-4153,34.852199,135.617163,授乳･おむつ替えは月～土（祝日・年末年始を除く）,授乳・おむつ替えは13:00～17:00,,あり,あり,授乳・おむつ替えは職員に声をおかけください。行事等により、利用できない場合があります。,,http://www.city.takatsuki.osaka.jp/kakuka/kodomo/hoikuj/gyomuannai/hoikusyo/ninkahoikusyo/hoikusyo_kodomoen/minkan_hoikuen/aiwa.html
118,愛光認定こども園,子育て支援施設,赤ちゃんの駅,保育所・保育園・認定保育施設,高槻市宮野町７－１,072-671-3308,072-671-3318,34.851723,135.635376,月～金（祝日・8/12～16・年末年始を除く）,授乳・おむつ替えは9:30～16:00,,あり,あり,授乳・おむつ替えは職員に声をおかけください。行事等により、利用できない場合があります。,,http://www.city.takatsuki.osaka.jp/kakuka/kodomo/hoikuj/gyomuannai/hoikusyo/ninkahoikusyo/hoikusyo_kodomoen/minkan_nintei_kodomoen/miyano.html
119,城南宙保育園,子育て支援施設,赤ちゃんの駅,保育所・保育園・認定保育施設,高槻市城南町二丁目４５－１０,072-670-5077,072-670-5088,34.862168,135.589491,月～土（祝日・年末年始を除く）,授乳・おむつ替えは7:00～19:30(土は18:00まで）,,あり,あり,授乳・おむつ替えは職員に声をおかけください。行事等により、利用できない場合があります。,,http://www.city.takatsuki.osaka.jp/kakuka/kodomo/hoikuj/gyomuannai/hoikusyo/ninkahoikusyo/hoikusyo_kodomoen/minkan_hoikuen/tahokai.html
120,和光認定こども園,子育て支援施設,赤ちゃんの駅,保育所・保育園・認定保育施設,高槻市上牧町二丁目３－１,072-669-2236,072-669-2237,34.839245,135.621945,月～土（祝日・年末年始を除く）,授乳・おむつ替えは９：００～１７：００,,あり,あり,授乳・おむつ替えは職員に声をおかけください。行事等により、利用できない場合があります。,,http://www.city.takatsuki.osaka.jp/kakuka/kodomo/hoikuj/gyomuannai/hoikusyo/ninkahoikusyo/hoikusyo_kodomoen/minkan_nintei_kodomoen/1330483285239.html
121,ＹＭＣＡたかつきあま保育園,子育て支援施設,赤ちゃんの駅,保育所・保育園・認定保育施設,高槻市安満中の町２５番１号,072-682-2077,,34.8609277,135.631503,,,,,,,,http://www.city.takatsuki.osaka.jp/kakuka/kodomo/hoikuj/gyomuannai/hoikusyo/ninkahoikusyo/hoikusyo_kodomoen/minkan_hoikuen/YMCA_ama.html
122,青い鳥幼稚園,子育て支援施設,赤ちゃんの駅,幼稚園,高槻市天神町二丁目８－１８,072-685-0868,,34.857006,135.616486,月～金（休園日は除く）,授乳・おむつ替えは9:00～17:00,,あり,あり,授乳・おむつ替えは職員に声をおかけください。行事等により、利用できない場合があります。,,http://www.city.takatsuki.osaka.jp/kakuka/kodomo/kosodat/gyomuannai/akachan_eki/akachaneki_ichiran.html
123,認定こども園 いまむらこどもえん,子育て支援施設,赤ちゃんの駅,幼稚園,高槻市高槻町３－１６,072-685-0247,,34.852116,135.621197,月～金（休園日は除く）,授乳・おむつ替えは9:30～16:30,,あり,あり,授乳・おむつ替えは職員に声をおかけください。行事等により、利用できない場合があります。,,http://www.city.takatsuki.osaka.jp/kakuka/kodomo/kosodat/gyomuannai/akachan_eki/akachaneki_ichiran.html
124,桜ヶ丘幼稚園,子育て支援施設,赤ちゃんの駅,幼稚園,高槻市桜ヶ丘北町１１－１７,072-696-0123,,34.837860,135.596703,月～金（休園日は除く）,授乳・おむつ替えは9:00～16:30,,あり,あり,授乳・おむつ替えは職員に声をおかけください。行事等により、利用できない場合があります。,,http://www.city.takatsuki.osaka.jp/kakuka/kodomo/kosodat/gyomuannai/akachan_eki/akachaneki_ichiran.html
125,白ばら幼稚園,子育て支援施設,赤ちゃんの駅,幼稚園,高槻市土橋町１－３３,072-674-0423,,34.841180,135.620178,月～金（休園日は除く）,授乳・おむつ替えは9:00～17:00,,あり,あり,授乳・おむつ替えは職員に声をおかけください。行事等により、利用できない場合があります。,,http://www.city.takatsuki.osaka.jp/kakuka/kodomo/kosodat/gyomuannai/akachan_eki/akachaneki_ichiran.html
126,高槻双葉幼稚園,子育て支援施設,赤ちゃんの駅,幼稚園,高槻市宮野町２１－１８,072-675-0250,,34.849105,135.637419,月～金（休園日は除く）,授乳・おむつ替えは9:00～17:00,,あり,あり,授乳・おむつ替えは職員に声をおかけください。行事等により、利用できない場合があります。,,http://www.city.takatsuki.osaka.jp/kakuka/kodomo/kosodat/gyomuannai/akachan_eki/akachaneki_ichiran.html
127,高槻マリア・インマクラダ幼稚園,子育て支援施設,赤ちゃんの駅,幼稚園,高槻市野見町２－１５,072-675-1278,,34.846820,135.621293,月～金（休園日は除く）,授乳・おむつ替えは10:00～14:00,,あり,あり,授乳・おむつ替えは職員に声をおかけください。行事等により、利用できない場合があります。,,http://www.city.takatsuki.osaka.jp/kakuka/kodomo/kosodat/gyomuannai/akachan_eki/akachaneki_ichiran.html
128,高槻わかば幼稚園,子育て支援施設,赤ちゃんの駅,幼稚園,高槻市柳川町一丁目７－１４,072-696-3261,,34.825157,135.592484,月～金（休園日は除く）,授乳・おむつ替えは10:00～17:00,,あり,あり,授乳・おむつ替えは職員に声をおかけください。行事等により、利用できない場合があります。,,http://www.city.takatsuki.osaka.jp/kakuka/kodomo/kosodat/gyomuannai/akachan_eki/akachaneki_ichiran.html
129,のびてゆく幼稚園,子育て支援施設,赤ちゃんの駅,幼稚園,高槻市黄金の里一丁目３－１,072-687-8815,,34.873234,135.595154,月～金（休園日は除く）,授乳・おむつ替えは9:00～17:00,,あり,あり,授乳・おむつ替えは職員に声をおかけください。行事等により、利用できない場合があります。,,http://www.city.takatsuki.osaka.jp/kakuka/kodomo/kosodat/gyomuannai/akachan_eki/akachaneki_ichiran.html
130,認定こども園 日吉幼稚園　ひよしおひさま保育園,子育て支援施設,赤ちゃんの駅,幼稚園,高槻市日吉台六番町１０－２,072-688-6500,,34.868933,135.624804,月～土（休園日は除く）,授乳・おむつ替えは9:00～17:00,,あり,あり,授乳・おむつ替えは職員に声をおかけください。行事等により、利用できない場合があります。,,http://www.city.takatsuki.osaka.jp/kakuka/kodomo/kosodat/gyomuannai/akachan_eki/akachaneki_ichiran.html
131,平安女学院大学附属幼稚園,子育て支援施設,赤ちゃんの駅,幼稚園,高槻市南平台五丁目８１－１,072-696-4901,,34.867348,135.585569,月～金（休園日は除く）,授乳・おむつ替えは9:00～16:30,,あり,あり,授乳・おむつ替えは職員に声をおかけください。行事等により、利用できない場合があります。,,http://www.city.takatsuki.osaka.jp/kakuka/kodomo/kosodat/gyomuannai/akachan_eki/akachaneki_ichiran.html
132,アル・プラザ高槻（３階）,子育て支援施設,赤ちゃんの駅,民間施設,高槻市芥川町一丁目２－Ｃ－２０１,072-684-9100,,34.852116,135.616052,月～日　年中無休,10:00～22:00,,あり,あり,調乳用のお湯は、係員に声をおかけください。,,http://www.city.takatsuki.osaka.jp/kakuka/kodomo/kosodat/gyomuannai/akachan_eki/akachaneki_ichiran.html
133,ＮＰＯ法人ＳＥＡＮ　ＫＩＤＳステーション,子育て支援施設,赤ちゃんの駅,民間施設,高槻市城北町一丁目１－１４　太田第二ビル３階,072-669-7411,,34.848781,135.621275,月～金（祝日・年末年始・お盆を除く）,10:00～17:00,,あり,あり,授乳・おむつ替えは、施設に声をおかけください。,,http://www.city.takatsuki.osaka.jp/kakuka/kodomo/kosodat/gyomuannai/akachan_eki/akachaneki_ichiran.html
134,株式会社そごう・西武　西武高槻店（５階）,子育て支援施設,赤ちゃんの駅,民間施設,高槻市白梅町４－１,072-683-0111,,34.853832,135.618332,月～日,10:00～20:00,,あり,あり,,,http://www.city.takatsuki.osaka.jp/kakuka/kodomo/kosodat/gyomuannai/akachan_eki/akachaneki_ichiran.html
135,イオン高槻店（３階）,子育て支援施設,赤ちゃんの駅,民間施設,高槻市萩之庄三丁目４７－２,072-669-5551,,34.859093,135.644132,月～日　年中無休,9:00～22:00,,あり,あり,調乳用のお湯は、係員に声をおかけください。,,http://www.city.takatsuki.osaka.jp/kakuka/kodomo/kosodat/gyomuannai/akachan_eki/akachaneki_ichiran.html
136,でしまる接骨院,子育て支援施設,赤ちゃんの駅,民間施設,高槻市上田辺町６－２０－１０２,072-684-7688,,34.849657,135.616806,月～土（日・祝休み）,9:00～13:00・16:00～19:30　土は9:00～14:00,,あり,あり,授乳・おむつ替えは、施設に声をおかけください。,,http://www.city.takatsuki.osaka.jp/kakuka/kodomo/kosodat/gyomuannai/akachan_eki/akachaneki_ichiran.html
137,松坂屋高槻店（３階）,子育て支援施設,赤ちゃんの駅,民間施設,高槻市紺屋町２－１,072-682-1111,,34.850533,135.618484,月～日（1/1休み）,10:00～18:00,,あり,あり,調乳用のお湯は、係員に声をおかけください。,,http://www.city.takatsuki.osaka.jp/kakuka/kodomo/kosodat/gyomuannai/akachan_eki/akachaneki_ichiran.html
138,総合保険事務所株式会社,子育て支援施設,赤ちゃんの駅,民間施設,高槻市芥川町二丁目８－１７,072-686-1515,,34.852373,135.614617,月～土,10:00～18:00,日曜日・祝日,あり,あり,授乳・おむつ替えは、施設に声をおかけください。,,http://www.city.takatsuki.osaka.jp/kakuka/kodomo/kosodat/gyomuannai/akachan_eki/akachaneki_ichiran.html
139,（株）池田泉州銀行　高槻支店,子育て支援施設,赤ちゃんの駅,民間施設,高槻市城北町二丁目８－４,072-672-6500,,34.850252,135.626031,月～金（祝日・年末年始等銀行休業日を除く）,9：00～15：00,土曜日・日曜日,あり,あり,授乳・おむつ替えは、店舗窓口に声をおかけください。授乳室の提供場所は応接室となり、商談等で使用中の場合は止むを得ずお断りする事があります。,,http://www.city.takatsuki.osaka.jp/kakuka/kodomo/kosodat/gyomuannai/akachan_eki/akachaneki_ichiran.html
140,（株）池田泉州銀行　富田支店,子育て支援施設,赤ちゃんの駅,民間施設,高槻市大畑町５－２,072-696-3933,,34.838129,135.592275,月～金（祝日・年末年始等銀行休業日を除く）,9：00～15：00,土曜日・日曜日,あり,あり,授乳・おむつ替えは、店舗窓口に声をおかけください。おむつ替え室、授乳室の提供場所は応接室となり、商談等で使用中の場合は止むを得ずお断りする事があります。,,http://www.city.takatsuki.osaka.jp/kakuka/kodomo/kosodat/gyomuannai/akachan_eki/akachaneki_ichiran.html
